Terror,Toxic
130 noob,1.0
stream hop,0.7071067811865476
stream hop lol,0.7071067811865476
snitch fuck ridiculous,0.7071067811865476
snitch fuck,0.7071067811865476
snipe dickhead,0.6277734542774746
stream snipe dickhead,0.6277734542774746
blocker fucker,0.6225328682133993
ad blocker fucker,0.6225328682133993
kill play,0.6068747609383088
